Fecha,Direcci√≥n IP,Actividad (en hs),Acceso a Facebook (en hs),Acceso a Instagram (en hs),Acceso a Twitch (en hs),Acceso a TikTok (en hs)
16/09/20,242.99.117.120,3.36,0.57,8.81,1.95,3.69
06/05/20,181174223110,4.28,2.91,9.66,3.45,4.06
01/10/21,58.54.184.167,5.62,2.6,6.95,1.94,4.77
01/03/17,135.79.184.226,5.83,2.15,7.82,2.03,4.19
01/02/21,248.230.40.6,4.59,1.79,11.67,1.46,5.39
03/11/19,83.137.219.57,4.87,2.35,6.47,2.67,4.01
10/04/16,215177229133,4.96,1.75,9.11,2.41,3.66
30/12/17,128.59.254.78,4.71,1.92,6.93,1.7,4.22
03/05/20,50.249.139.41,5.28,1.45,10.11,1.86,5.03
26/01/16,244189203173,7.96,1.78,10.03,1.8,4.09
20/06/18,22.93.19.198,6.85,2.04,9.18,1.69,5.08
04/12/17,69211164114,5.44,1.98,11.43,1.63,2.91
11/12/21,47.35.62.127,5.49,2.33,8.03,0.68,5.44
27/02/16,213.172.55.177,4.22,1.97,5.88,3.31,4.48
22/02/18,86.157.233.84,5.14,2.21,9.78,1.87,4.59
24/10/20,88.79.37.16,4.4,1.88,7.65,2.72,2.24
25/09/16,59186153254,6.36,1.17,6.41,2.84,2.44
28/03/18,42.184.175.98,1.1,1.77,10.75,0.05,1.68
24/05/18,108.82.179.4,7.67,1.81,12.22,2.01,4.66
31/07/19,89.233.29.97,6.3,2.19,7.92,2.89,4.67
05/05/21,108188255152,6.66,3.14,11.1,0.86,4.58
22/06/19,116.244.232.35,2.54,2.14,10.15,3.5,3.91
10/11/18,255.241.232.47,5.6,2.1,7.04,3.59,6.37
06/11/17,125.50.223.248,6.28,2.24,6.17,0.99,0.99
26/07/17,68.249.38.236,2.67,3.04,13.19,3.42,4.64
26/08/21,184.128.210.82,6.07,2.32,8.48,1.79,4.8
16/02/19,59.17.242.246,4.19,1.6,9,3.06,5.31
15/01/16,79.197.133.21,7.92,1.75,,1.24,2.26
19/11/17,83.220.5.46,3.14,1.38,12.08,1.38,3.14
24/04/17,190.45.212.184,3.95,1.99,9.79,1.1,3.97
22/09/17,52.77.222.159,5.49,2.15,12.23,1.61,4.06
15/01/18,63.92.104.190,3.94,2.94,12.42,3.08,4.85
30/07/17,154121190226,5.3,1.75,9.94,2.49,4.71
09/08/21,74.115.40.140,4.09,2.17,7.51,2.35,3.55
06/06/18,93196221173,5.74,2.82,5.55,3.46,5.44
02/01/20,237.0.174.145,2.04,2.02,9.71,2.94,4.97
03/07/21,80.76.195.37,6.09,2.29,8.99,3.81,4.02
22/04/21,111.59.61.190,8.06,2.68,8.34,1.79,3.35
16/09/18,153.88.191.0,2.83,2.04,10.67,2.42,4.2
13/09/18,47.182.36.58,4.08,2.51,12.32,1.98,4.19
18/10/19,46253155248,4.04,1.78,10.71,0.77,4.65
12/02/20,14.47.127.109,4.93,1.84,7.12,0.98,3.67
02/04/16,91.165.83.45,5.68,1.87,7.45,1.72,5.68
04/08/20,252.95.204.225,6.58,1.1,9.45,0.02,5.49
20/06/18,10197232186,5.17,1.59,12.13,1.7,4.96
07/02/16,115187137127,3.14,2.51,8,1.12,4.15
10/12/19,189.245.58.147,7.94,1.67,7.46,3.17,4.11
28/03/21,183206104152,4.41,2.11,6.9,2.2,3.73
24/03/20,117.140.67.45,3.15,2.36,12.55,1.66,3.24
11/12/17,23190244248,4.53,1.82,7.66,3.29,3.23
29/03/20,193.127.145.0,6.09,2.35,4.54,1.14,6.27
11/02/19,231.46.30.204,3.17,1.87,10.74,3.25,3.71
04/01/19,136225136241,4.34,1.26,4.07,0.68,3.38
04/10/18,227.123.50.133,4.84,2.03,,3.36,3.72
20/02/18,23133169245,4.5,1.92,9.7,3.36,3.48
06/05/21,166.122.156.15,3.19,2.09,8.77,2.41,3.15
09/04/21,201128136209,6.25,2,11.4,2.35,4.34
25/11/18,207.160.107.23,2.88,1.58,11.21,2.8,4.15
04/05/21,85.193.5.228,1.81,1.68,15.85,2.63,3.09
25/08/21,60.17.164.51,5.79,1.96,8.16,1,3.29
22/02/19,18.80.234.146,3.48,2.41,8.4,1.11,3.48
20/02/21,202.141.62.43,5.89,1.56,10.26,1.92,4.18
16/02/21,168.197.87.105,8.11,1.78,7.96,2.35,3.78
05/06/18,205.32.45.143,5.35,1.55,10.43,1.96,2.68
06/12/17,230.13.147.198,3.49,2.03,11.66,2,4.45
15/02/21,119.97.145.104,5.42,2.8,13.87,3.17,3.36
15/02/19,141135127181,4.25,2.61,10.38,1.87,3.73
09/01/16,152.67.250.148,4.46,1.83,9.9,1.32,4.48
29/12/16,103.96.212.217,2.81,2.52,7.44,1.92,4.83
23/10/20,51142162220,3.49,2.56,9.99,2.46,5.81
14/02/21,135.140.111.32,3.64,2.67,9.34,1.97,4.2
14/02/21,135.140.111.32,3.64,2.67,8.39,1.97,4.2
13/02/16,250.253.39.149,4.4,1.84,12.37,4.05,4.82
04/10/20,59.82.245.213,3.71,2.03,10.12,1.23,3.56
19/02/21,239.106.96.196,0.33,2.62,6.75,1.66,3.13
01/03/16,238100183158,3.68,2.62,7.6,1.97,4.43
21/07/19,177.7.38.226,4.15,2.16,7.98,1.15,3.22
03/04/16,73.48.145.114,5,2.81,8.01,0.59,4.46
05/05/21,80.125.50.100,8.07,1.65,9.63,2.12,4.68
20/08/18,222.29.218.112,5.98,1.9,9.56,2.19,5.31
05/10/20,146.26.101.62,7.51,2.47,8.95,3.48,4.14
07/12/19,255.36.70.232,4.81,2.24,7.14,1.44,4.4
16/10/18,68184178198,4.17,2.24,8.14,1.83,4.02
19/03/17,159.26.228.193,2.96,2.55,11.27,0.59,5.96
25/10/19,147.30.211.253,3.2,1.86,8.33,1.7,2.79
10/10/18,1128108155,6.35,1.85,8.14,2.42,4.44
12/05/20,174.83.66.210,5.12,1.7,8.51,1.68,3.52
25/05/20,218.0.163.64,5.46,2.25,,2.37,3.4
14/06/17,120118138172,8.52,1.21,10.01,2.64,3.75
15/09/21,158.231.70.4,6.69,0.94,9.63,3.09,4.19
20/04/16,202.82.248.41,3.76,1.19,8.78,2.82,2.42
05/12/16,33122205153,7.49,2.46,9.86,2.19,2.98
10/10/21,253.5.64.231,3.36,2.26,6.61,2.73,3.98
27/08/16,109.97.139.224,4.65,1.95,10.77,2.96,3.73
08/04/16,166197110174,4.26,2.76,11.03,1,3.46
13/11/19,167.171.81.245,6.2,2.76,7.01,1.07,4.86
13/04/17,18.200.52.21,5.23,2.1,9.53,3.46,3.84
09/04/21,240.98.146.185,4.62,2.25,11.25,0.36,5.51
26/12/19,50239147132,3.25,2.1,7.14,2.35,3.23
11/05/18,198.111.64.251,3.62,1.83,9.75,3.19,3.95
16/01/16,124.6.242.168,5.12,1.63,10.42,1.39,3.69
02/11/16,171.102.102.3,5.32,2.11,8.83,0.32,3.34
28/07/20,62.65.109.160,5.57,2.74,10.68,1.68,3.37
06/07/21,76248154126,7.9,1.36,10.43,4.12,
17/10/19,102.98.236.237,6.13,2.72,11,2.33,5.21
27/07/19,170.221.68.125,9.22,0.66,11.4,0.06,5.36
17/04/21,30113189146,8.58,2.36,10.32,2.59,3.63
22/02/16,57.121.0.127,6.2,1.85,7.66,1.43,5.07
28/11/16,130.151.6.186,4.33,1.7,11.51,2.62,3.8
28/09/20,123.85.94.97,5.02,1.86,6.34,2.12,5.03
18/09/20,50.114.236.38,5.75,2.89,8.63,2.72,5.56
30/04/18,28.93.184.210,3.5,2.61,10.26,3.68,5
13/04/20,228226233136,4.58,1.87,10.69,2.49,4.42
07/12/20,170.207.67.38,6.35,1.14,8.28,1.79,2.97
27/06/20,116107105196,3.89,2.14,7.22,2.67,3.71
16/12/21,64.180.71.236,5.29,2.6,,3.81,5.24
10/08/17,146.85.187.39,6.36,2.01,9.7,2.61,4.36
29/05/20,158133188243,5.36,2.23,7.9,2.17,4.86
15/11/16,52209254114,1.85,1.76,10.04,1.36,5.14
27/02/18,120.81.251.155,7.83,1.92,10.87,2.26,3.36
05/02/21,251.99.124.178,4.33,2.84,7.4,2.01,3.2
20/02/20,182.201.61.156,5.93,2.29,7.79,0.75,3.15
09/02/20,21.73.30.53,6.33,2.09,7.56,2.06,4.58
09/12/20,26189157213,6.06,1.95,9.02,2.01,4.93
03/01/18,209.123.212.24,4.39,2.86,8.38,3.88,4.03
20/11/18,203229227154,8.54,2.56,10.41,2.84,3.59
12/02/20,212.84.125.187,5.35,2.02,11.24,0.47,2.68
12/07/16,13.168.57.199,4.44,1.82,5.8,1.49,3.78
21/12/16,216194173159,4.84,1.88,10.29,2.18,3.57
05/04/21,98159188246,1.75,1.29,7.69,0.95,4.15
30/07/21,9.39.74.33,4.46,2.04,6.18,2.58,2.98
20/01/20,216.71.157.138,5.55,2.71,11.13,2.47,4.74
08/10/18,1.196.92.195,3.8,2.62,6.62,3.05,3.97
18/04/21,14.208.255.60,1.38,0.92,9.04,1.36,4.49
10/11/19,197134110201,3,1.8,8.2,4.68,2.27
06/06/18,39.48.6.22,4.91,2.61,7.1,2.38,4.22
17/10/18,113227185175,5.45,2.04,5.67,0.99,5.14
10/01/19,142.139.6.95,5.35,1.43,9.63,3.24,2.3
23/01/19,166.212.41.236,3.27,1.88,4.77,0.61,3.98
31/05/19,235.41.94.241,4.04,2.35,7.4,3.19,3.58
13/05/18,2.110.14.87,6.08,1.75,8.93,1.29,3.85
06/11/18,170119221177,4.21,2.08,9.61,2.05,3.82
06/11/18,170119221177,4.21,2.08,13.59,2.05,3.82
01/02/21,88.91.235.46,4.48,3.47,5.46,1.41,2.1
27/11/17,182.32.10.82,6.79,1.59,7.78,3.33,5.01
25/01/20,208207164175,4.69,1.73,10.56,0.89,3.83
14/03/20,100.105.25.126,6.39,1.75,11.38,1.88,3.2
26/03/17,15.162.29.168,4.68,2.03,4.58,1.98,
12/11/21,134.18.137.207,3.38,2.8,,3.39,4.19
10/07/16,29.29.193.5,4.64,2.74,6.36,2.97,5.43
18/06/19,21211187120,6.17,1.59,9.92,1.74,5.55
03/08/19,77.68.87.142,4.11,2.38,9.6,2.07,5.76
28/08/16,93.93.77.220,2.89,1.89,7.17,2.46,3.72
11/04/19,161204200168,4.66,2.75,9.84,2.37,3.56
09/08/20,144233154215,8.09,1.81,8.66,2.04,2.99
02/01/19,102.40.201.208,4.16,1.04,6.29,3.82,4.91
06/06/20,144.62.109.230,6.98,1.3,8.61,2.53,4.14
22/05/17,96.156.36.192,4.23,1.23,7.23,4.09,4.09
20/02/20,85.41.2.245,7.63,1.97,9.72,1.73,3.75
08/01/18,19122173155,5.6,1.43,8.83,0.82,4.16
29/03/19,131.108.209.95,5.78,1.74,12.48,1.53,2.92
25/06/20,242.182.0.8,3.73,1.84,9.54,1.99,4.53
26/08/17,183.28.254.119,8.34,2.43,10.82,0.89,5.25
12/04/18,98103142243,3.31,1.9,12.87,0.88,4.11
13/10/20,52.55.62.161,4.81,2.54,10.28,2.81,3.9
30/07/16,221.46.252.111,6.63,2.46,11.97,1.68,5.6
12/02/19,125.131.79.110,4.67,3.03,8.59,1.75,2.81
16/01/17,186.113.45.131,5.06,1.3,8.53,1.87,3.47
07/10/18,69.208.38.192,1.21,2.22,7.98,3.32,4.15
15/08/20,231.34.192.72,7.26,2.44,8.63,0.52,4.15
24/12/19,1130157247,8.38,2.68,8.18,1.92,2.6
01/04/20,66.219.229.41,4.52,2.42,7.12,1.59,4.54
28/05/20,18.164.122.25,7.12,1.9,7.53,1,4.07
22/05/17,117.42.163.199,4.62,2.48,11.99,2.87,4.25
13/11/19,251.176.98.97,3.68,2.86,7.52,3.42,3.27
22/06/17,214.87.238.193,3.76,2.23,10.6,0.7,4.32
14/10/21,187.11.199.18,-0.77,0.83,12.03,3.69,4.25
31/07/18,40246146141,5.62,1.25,9.09,3.02,5.58
22/07/18,228.239.91.31,6.26,1.92,8.23,2.92,4.47
18/12/19,61.209.73.235,6.94,1.51,9.45,2.14,1.94
05/05/16,120253180143,7.02,2.28,5.59,2.5,2.64
03/04/16,20.57.31.2,5.23,1.29,9.1,0.08,4.49
20/02/19,184177234159,4.45,1.75,11.11,2.22,3.45
18/10/21,149.29.137.236,9.37,1.6,,2.63,3.95
18/10/21,149.29.137.236,9.37,1.6,5.5,2.63,3.95
05/07/16,129.236.0.232,4.47,1.26,7.7,2.68,4.47
16/03/17,251126189187,6.24,1.45,8.55,3.43,3.37
18/11/16,6237245221,-2.06,2.27,5.69,2.17,3.04
23/02/16,229.114.3.248,4.09,2.01,13.2,2.22,3.24
17/11/20,197.79.152.20,10.19,0.78,5.85,4.35,4.69
22/02/21,154.136.55.1,7.27,2.06,8.27,2.34,3.61
22/12/21,235135235138,4.51,1.75,14.71,0.01,3.02
26/05/18,211.12.54.104,6.72,1.91,5.3,2.22,4.83
14/01/17,76.6.28.66,5.4,1.6,7.42,2.16,3.64
27/10/20,178.60.86.149,2.88,2.48,10.59,3.92,3.74
19/05/20,212.251.51.190,4.27,2.49,13.5,2.61,6.02
08/04/21,202.227.23.49,2.54,2.12,7.91,0.07,5.31
07/05/18,130.49.26.144,3.88,1.08,10.15,2.85,4.71
23/03/18,183.24.220.126,5.96,2.42,5.85,3.86,5.63
29/10/18,205.198.141.80,4.48,2.1,9.16,0.2,3.45
09/01/21,166.70.241.175,8.02,1.85,6.09,3.38,4.93
04/10/20,92.218.253.69,4.67,2.17,9.46,1.51,3.77
12/12/21,229.171.73.229,6.96,2.6,5.51,2.57,4.86
11/03/21,153.135.51.14,7.88,2.63,12.15,2.14,3.12
24/01/17,133.214.82.220,4.62,2.62,12.74,3.45,3.78
16/08/21,114160221150,6.06,1.5,6.95,1.38,5.09
24/07/19,24.208.87.193,6.7,2.09,7.43,1.8,3.97
15/07/18,95.230.206.19,34.11,1.71,12.42,3.7,
29/06/20,33.26.11.224,7.32,1.38,8.61,2.54,2.16
19/09/17,0.215.78.55,3.77,1.96,10.68,0.19,4.58
09/06/20,26247182157,4.35,1.41,9.87,0.66,2.55
29/11/16,201.181.19.213,6.01,2.13,13.22,0.29,2.88
21/10/16,192246169194,4.87,2.03,8.78,1.75,3.31
19/07/20,72184251131,4.3,3.08,,1.95,3.56
26/05/16,211.217.101.42,4.84,1.19,10.48,1.87,4.57
16/02/21,110.207.78.251,5.81,2.07,7.94,2.44,3.62
23/04/17,135.122.69.1,4.72,1.91,8.18,1.22,2.49
22/03/16,219.72.61.160,4.27,2,12.15,2.61,3.68
21/10/21,176.182.44.159,2.72,1.53,10.13,3.14,
01/07/18,24.92.8.83,3.71,1.92,11.08,4.22,3.47
24/07/17,210179184134,8.21,3.11,9.41,2.4,3.79
08/04/16,45.202.143.1,6.23,2.15,9.61,1.42,4.06
09/06/19,253117187187,6.96,2.16,9.97,3.53,4.84
16/04/20,225197144251,5.27,1.51,11.05,1.72,3.84
25/03/18,103.255.133.70,8.3,2.7,8.19,1.04,6.84
17/10/16,232.57.36.6,7.1,2.35,11.38,1.61,6.49
14/12/18,228107117213,6.64,2.27,8,0.49,4.52
10/08/16,218.5.95.200,2.27,2.14,7.76,1.57,3.75
16/07/20,255.11.15.75,5.46,2.49,7.07,2.85,1.41
02/05/18,121110208254,4.16,1.89,6.83,1.84,
16/01/17,71.60.80.185,0.45,1.8,9.23,1.55,4.79
15/04/17,221.121.11.237,4.46,1.54,4.68,1.67,3.59
18/11/21,216.152.241.73,34.45,2.41,10.44,2.98,5.76
26/06/21,37.156.154.76,5.29,0.79,9.85,1.99,4.36
13/08/21,221.63.208.233,2.74,1.91,8.38,0.55,3.86
01/01/19,155.97.154.38,5.46,1.8,8.58,1.57,3.94
02/05/19,157.89.219.91,5.67,1.61,9.72,2.62,16.29
05/12/19,21.28.117.154,4.65,2.47,10.38,4.55,4.6
03/01/18,154.52.93.221,3.89,1.06,10.85,2.44,
04/03/16,128.212.246.91,5.88,2.59,9.89,0.39,4.17
06/09/18,245.44.55.224,3.53,2.33,8.1,2.12,4.39
13/04/19,110.72.92.214,2.14,1.56,5.77,3.9,5.51
24/10/18,240247131,4.9,1.87,6.61,1.08,5
14/08/16,23.53.181.237,3.42,1.76,8.86,2.32,3.88
27/07/19,87.119.54.33,6.84,2.48,4.36,2.14,2.27
09/06/21,95.32.10.212,3.48,2.03,8.36,1.61,5.2
22/03/18,100.36.121.251,4.77,1.66,11.22,3.38,3.44
16/05/21,205236201179,6.06,1.8,8.38,1.87,2.15
10/01/20,239.6.239.205,7.82,2.19,12.09,2.6,3.78
29/08/20,139.106.52.121,2.99,1.15,,2.29,1.69
14/06/16,6.242.32.41,4.36,31.67,8.17,0.51,4.9
18/05/19,172175164219,4.69,2.71,9.17,3,
04/03/19,163.198.220.2,4.15,2.33,8.45,3.46,
31/01/16,227.104.27.18,5.1,2.76,5.86,2.47,2.87
28/11/16,104156122249,7.47,2.78,10.31,2.75,3.63
31/08/19,31.173.181.59,5.74,0.73,12.02,0.4,5.05
08/10/16,177.56.187.2,2.5,2.15,10.19,1.23,4.05
31/05/21,125.31.155.210,6.76,1.56,7.32,1.54,4.43
07/03/19,39.0.33.232,7.43,2.3,11.8,3.4,4.64
26/05/21,52105208204,5.87,2.29,9.61,0.96,5.75
09/06/21,184.2.10.192,6.02,1.8,9.95,5.06,5.19
03/06/21,229.140.51.48,4.31,1.69,9.21,2.51,3.66
14/08/20,48.17.223.240,5.62,2.2,13.09,0.05,4.47
09/06/20,240.97.89.85,2.58,1.48,12.4,4.23,4.01
14/09/21,33.4.116.26,3.92,2.61,9.64,3.29,6.03
08/11/16,143.165.73.123,4.05,2.09,10.05,0.51,3.96
02/05/16,225164154173,4.17,2.22,7.53,2.38,3.33
21/03/19,234.78.38.15,3.82,2.79,4.32,1.71,2.59
14/02/18,133.125.242.34,5.64,2.16,10.83,1.95,3.83
02/12/19,76.254.248.0,4.02,2.68,10.31,3.66,1.45
25/02/21,194.80.189.8,5.25,1.55,10.56,2.21,3.15
24/04/21,54.207.99.119,9.75,2.05,11.36,1.89,4.65
22/06/16,14.0.70.130,3.97,31.27,6.4,2.9,3.48
26/07/20,174.223.169.77,4.7,2.38,5.89,1.3,2.63
11/09/19,89.11.203.191,2.46,2.14,8.92,4.79,
29/04/18,46.19.49.101,9.72,31.96,2.71,3.86,
17/04/17,118.67.226.203,5.89,2.24,10.29,4.07,4.04
15/03/16,103.18.192.97,3.63,2.65,9.28,2.64,3.5
29/12/16,145.16.124.81,6.56,1.62,8.31,0.73,5.96
16/12/19,0.206.0.254,6.01,1.61,10.34,2.6,2.96
07/02/20,98.99.15.38,2.34,2.23,11.24,2.62,5.43
05/05/18,55.72.131.124,6.4,2.52,8.48,0.99,4.54
22/08/21,208.42.117.27,4.02,2.02,5.78,2.28,2.74
09/07/18,232.86.106.14,3.59,2.08,10.96,1.57,3
07/03/16,63.8.251.102,4.36,1.82,8.24,1.54,5.34
04/08/16,23.210.114.13,2.77,2.18,9.35,2.64,2.39
17/08/17,55.40.44.27,0.43,2.23,9.28,0.88,4.16
06/07/19,227.206.95.104,5.7,2.29,11.4,1.6,3.27
21/04/16,85.109.167.59,5.01,1.05,10.87,2.74,5.07
29/06/16,177.64.138.50,3.26,2.32,9.43,1.6,3.87
16/07/20,247193247136,4.77,2.47,9.16,0.77,4.88
01/11/20,75.124.86.42,6.31,2.87,6.33,3.04,4.2
21/02/20,97.85.204.218,1.86,1.87,8.11,1.47,3.05
29/08/20,238108246248,7.97,2.35,11.29,2.86,2.71
19/12/21,58.98.155.47,5.61,1.62,7.67,2.66,3.65
31/01/16,175.103.92.6,3.77,2.31,12.81,2.6,3.14
18/07/21,2.74.227.36,5.98,2.37,7.87,1.97,3.84
17/09/18,255.57.219.186,6.26,2.62,9.09,1.62,3.39
28/08/20,0.64.182.241,6.21,2.71,9.86,0.75,4.54
04/08/17,210.86.78.169,2.34,2.45,9.41,0.5,5.33
15/03/17,150.44.22.149,3.89,2.21,10.15,0.4,5.92
29/09/17,58.122.82.90,2.91,2.71,8.15,3.88,3.7
23/06/19,96.202.117.71,10.82,31.87,10.78,1.19,5.22
29/09/18,10.170.75.166,5.57,2.11,10.07,3.34,4.2
20/10/20,70.45.238.47,4.06,2.12,11.49,0.94,3.4
17/03/18,196.163.190.9,8.46,1.63,6.79,3.6,3.32
23/09/21,177.83.59.54,4.16,2.43,11.74,1.8,2.55
17/07/18,116209170186,5.86,2.62,6.08,3.41,
09/05/19,129.160.53.140,1.81,2.91,6.66,2.33,4.34
26/06/17,50.33.127.235,4.39,2.34,11.13,1.63,2.6
14/05/16,44.109.131.88,8.03,1.67,11.31,3.04,3.47
22/10/20,66.240.91.215,6.2,1.81,6.94,3.65,4.48
08/05/21,0.22.129.48,8.35,1.78,10.77,2.21,4.23
08/03/20,8167224213,5.26,1.92,5.09,0.55,4.81
27/11/20,3.189.93.82,1.69,2.12,7.72,2.45,3.99
27/03/21,218.139.68.233,3.78,2.45,7.58,2.33,3.87
20/07/21,23.93.174.30,4.7,2.65,5.49,4.95,3.83
20/07/21,23.93.174.30,4.7,2.65,9.68,4.95,3.83
23/07/16,218.124.13.247,4.61,1.38,9.63,0.95,3.6
24/01/18,42.55.198.30,6.8,0.58,12.07,2.42,3.86
11/11/18,163.52.187.160,5.62,2.31,11.2,2.69,3.69
31/12/19,234178178145,4.78,1.45,9.18,1.44,6.33
03/05/19,80.100.206.75,5.88,2.9,8.68,1.73,4.01
23/07/19,242.213.44.141,4.58,1.98,13.73,3.21,5.23
24/11/19,61.208.50.123,4.12,2.31,10.06,2.44,
13/03/19,86217100170,5.44,1.78,10.38,1.01,3.44
22/05/20,16.211.58.165,6.75,2.19,6.6,3.18,2.68
19/11/21,28.111.2.214,2.38,2.55,9.37,2.36,3.04
05/01/19,22231173105,2.06,2.1,10.42,1.4,3.1
15/03/20,130235211148,6.67,2.9,9.73,3.49,4.33
26/02/19,207.139.113.90,5.4,1.37,7.05,0.83,3.74
13/10/20,195.160.54.3,5.35,1.57,8.64,3.45,3.81
24/01/18,219.4.214.4,5.79,1.9,8.6,2.97,3.92
08/02/16,241.37.137.116,8.85,1.87,7.49,1.9,2.37
06/05/17,166.82.127.46,3.2,2.98,10.63,1.79,4.88
05/03/20,198.221.60.175,2.75,2.19,6.23,1.27,4.02
26/05/18,70193122134,6.45,1.86,9.38,2.53,4.2
15/07/16,155244180167,3.18,2.03,8.09,3.57,2
25/12/17,2.85.108.121,4.78,2.24,8.95,1.7,2.54
22/03/16,23213248127,4.6,2.86,11.41,1.22,3.07
17/10/17,241.73.160.157,3.24,1.99,8.08,3.38,
30/01/18,116.16.251.177,5.41,2.31,13.26,2.62,4.57
27/01/18,210.173.148.41,4.96,2.24,7.26,1.48,4.84
25/07/21,212.104.84.242,5.08,2.48,10.69,1.25,3.59
27/11/19,177.115.51.50,6.55,1.65,8.49,1.24,5.37
21/03/17,4.121.9.224,4.39,1.26,6.82,2.58,3.82
29/02/20,249.239.97.142,5.52,1.98,6.22,2.18,4.1
20/12/18,30170219250,3.65,0.95,6.85,1.81,3.22
28/07/20,45.171.44.164,2.75,2.65,11.71,0.18,1.77
06/12/21,226230178137,7.42,2.27,9.32,2.25,5.46
29/06/16,116.230.4.54,5.46,2.56,9.88,2.09,3.46
05/10/16,82.55.49.3,4.68,1.32,8.08,0.77,4.23
30/09/18,147219136139,5.97,2.77,9.93,3.54,3.89
01/05/16,87.23.40.109,4.92,2.1,6.37,2.95,4.07
14/04/21,34.13.98.215,7.45,2.64,10.72,1.96,1.76
27/09/21,127.113.0.88,2.35,1.19,7.67,1.14,2.56
17/07/19,128.119.66.65,3.93,3.13,7,1.38,1.68
15/11/20,203.223.198.31,-0.84,2.24,6.6,1.05,2.12
14/09/21,167.67.198.4,4.86,2.24,10.71,2.1,1.43
21/09/20,153.215.6.110,5.79,2.53,6.22,1.77,2.29
30/03/18,134.45.208.51,9.98,2.38,8.32,1.67,1.93
06/07/21,247.44.125.187,4.79,1.8,9.21,2.14,1.66
18/09/20,176123144116,3.86,1.54,9.43,1.39,2.14
26/09/18,163.126.40.80,2.17,2.6,6.91,1.6,1.89
20/01/17,246.170.174.86,4.47,2.04,8.92,0.86,2.2
25/03/20,102.88.45.141,3.49,0.82,8.48,4.84,1.41
20/07/20,74.47.147.232,8.14,2.17,6.2,1.91,2.73
26/03/20,1252225117,7.23,1.78,10.1,2.58,1.45
16/11/16,1.156.56.21,5.25,1.4,6.45,3.77,3.05
10/10/18,213.75.18.54,3.71,2.22,6.46,3.08,2.68
29/10/16,143.39.48.133,4.66,2.2,13.34,2.19,1.6
29/01/21,199.153.67.243,0.86,2.7,6.87,2.18,2.24
16/03/19,197.173.229.32,3.18,1.82,7.77,1.97,2.06
20/07/18,23158240112,3.25,1.19,3.73,0.57,2.05
12/01/20,249.119.13.151,3.53,2.72,6.87,1.08,1.44
21/07/16,103.248.137.44,4.03,0.98,12.07,0.29,1.76
22/10/20,29.146.28.72,8.82,1.79,7.55,1.24,2.37
13/09/19,131102198228,5.73,1.55,7.23,2.62,2.25
13/09/19,131102198228,5.73,1.55,11.94,2.62,2.25
23/04/18,20252131101,3.96,2.29,7.56,2.65,2.69
13/09/19,200.24.243.229,6.38,2.11,8.82,1.88,2.07
20/01/16,131236148240,8.37,1.74,9.47,1.83,3.42
30/12/18,224179229248,2.35,2.1,11.97,3.73,1.31
01/02/20,118213119219,0.13,1.65,9.74,3.3,2.35
21/12/19,34221241145,3.52,1.88,12.53,3.47,
15/04/16,200.187.82.68,3.85,2.03,9.49,1.72,
14/12/18,23.235.248.44,8.98,3.05,8.95,3.52,1.83
21/10/20,111.55.247.107,3.76,2.16,8.5,1.41,2.59
30/01/16,17100230247,1.99,1.78,8.45,2.39,
02/06/21,69.181.44.75,1.8,2.36,8.52,3.89,1.74
09/10/16,24.193.231.1,4.01,3,11.98,3.32,2.25
22/07/19,30.45.52.213,4.95,1.97,8.99,2.82,1.69
10/05/19,62.49.243.99,7.23,1.78,10.34,3.23,2.08
23/10/20,249122243133,6.9,2.35,11.6,1.11,2.66
26/01/19,11125221151,8.57,1.9,9.83,2.16,1.67
22/09/20,128.30.125.86,3.08,1.49,11.82,3.76,2.33
17/03/16,54158226111,2.26,2.55,7.91,0.92,1.44
06/06/20,185.189.91.38,2.27,1.17,9.03,1.55,1.79
30/04/17,182.9.139.107,3.14,1.84,8.84,2.69,2.07
17/06/19,154.19.197.120,6.99,1.24,8.17,1.37,2.64
13/03/17,241.23.179.239,5.43,2.29,6.95,1.63,2.56
28/12/20,72247135127,7.5,2.52,10.63,2.41,2.18
10/10/20,157176228130,3.09,1.82,8.51,3.23,1.91
18/03/16,89208133148,4.68,1.8,6.1,3.32,2.72
29/02/20,118.181.231.84,8.04,2.06,10.75,2.69,1.44
04/09/18,127.155.21.249,4.27,1.29,8.62,1.7,1.98
15/10/19,86231140168,4.29,2.08,9.26,0.89,1.69
26/04/17,147.169.1.65,6.58,2.63,11.68,2.8,1.77
29/05/16,149.44.160.56,4.01,1.34,9.4,2.69,1.71
22/12/20,205.120.99.108,-1.45,2.26,9.26,1.73,1.7
28/01/21,61.72.44.26,5.94,1.9,11.61,2.88,2.74
14/11/20,58.12.133.4,6.19,2.3,10.09,1.97,2.33
28/09/20,201.247.112.69,9.73,1.73,8.27,1.6,2.17
02/12/18,186.87.172.145,3.34,1.64,10.9,1.26,1.91
07/11/18,213.219.29.193,2.81,2.45,9.41,1.78,1.48
13/11/19,158.176.186.1,1.91,1.99,9.34,2.91,2.5
21/04/21,161.145.52.250,7.2,1.52,11.65,1.64,
25/11/20,69.12.224.67,8.54,1.89,8.33,1.16,1.93
06/11/20,143.220.107.33,5.55,2.39,11.54,1.86,2.47
21/09/16,78131242151,5.5,1.7,10.06,2.22,
17/08/16,129.60.143.154,5.47,2.27,7.22,1.67,1.44
28/03/18,21.182.20.20,1.02,1.7,8.97,3.46,2.74
06/05/18,136105178148,4.17,1.98,7.79,2.85,2.18
15/07/21,138.54.237.121,6.14,2.76,7.92,3.16,3.17
17/01/20,198.85.240.99,4.08,2.3,11.48,0.4,1.64
06/09/21,76202248130,5.95,2.68,6.34,2.56,1.67
24/02/16,55168220225,6.48,1.59,9.7,1.31,
09/02/21,76125110213,7.94,1.38,12.31,3.35,1.17
24/11/17,252.69.10.177,4.5,2.86,7.01,1.92,0.58
26/01/20,125.21.12.233,7.31,2.6,6.64,3.86,1.85
25/09/21,116.78.160.63,4.92,1.79,10.51,1.59,2.45
10/12/19,126.58.53.23,1,1.94,9.04,2.93,2.28
22/02/17,57240194220,7.73,2.47,9.23,1.46,2.92
16/06/16,166145220143,5.68,1.18,8.21,0.83,1.78
24/08/20,116.1.195.89,8.26,2.7,8.55,2.48,
23/04/20,190.45.251.58,8.57,1.74,4.99,1.34,1.18
18/02/19,249.60.36.147,4.15,2.16,7.6,1.42,1.77
05/02/17,153.217.215.20,4.24,2.07,12.08,2.64,2.35
18/03/17,182.68.116.253,5.46,1.44,10.14,1.82,1.89
09/12/16,185.108.130.32,5.13,2.13,7.6,3.14,1.44
22/10/20,97131141103,4.35,1.9,9.4,1.81,2.23
05/09/17,34.8.79.80,2.18,1.33,10.27,0.69,1.56
20/03/17,37.155.77.254,5.72,1.43,7.21,1.46,2.24
24/12/16,63.77.239.96,3.93,1.9,9.16,2.68,1.81
25/01/16,51.9.244.214,5.31,1.2,7.94,1.13,2.8
26/02/18,209.65.99.227,3.67,1.09,10.25,1.79,1.69
04/08/20,39.17.57.97,2.89,2.41,7.84,0.8,2.31
10/10/16,95174166129,5.27,1.94,8.92,0.92,2.54
24/09/19,201.134.213.83,0.28,1.54,7.88,2.21,2.52
25/07/21,200.4.119.164,4.35,2.96,5.69,3.39,3.09
02/11/19,98132139207,1.88,2.61,8.85,2.68,1.96
03/07/16,75224202195,5.57,1.59,8.6,1.33,2.1
21/09/20,250.95.217.175,3.72,1.86,10.92,21.61,2.43
12/01/17,35.182.124.78,2.78,1.79,11.87,1.14,1.83
11/07/18,56.117.170.10,6.55,1.98,6.99,2.23,2.78
12/04/20,223.203.55.220,5.46,1.96,8.68,3.78,1.22
22/12/18,1.253.117.6,5.51,1.56,7.76,1.25,1.72
27/07/19,223.249.105.82,4.33,2.25,9.35,2.4,1.05
25/09/19,136.190.121.52,7.17,1.43,9.56,1.61,2.33
04/10/19,139.93.138.194,2.21,2.53,12.42,4.1,3.31
28/05/21,22.92.23.3,4.24,1.49,10.37,3.11,2.47
05/04/18,204.89.211.131,3.02,0.9,8.57,1.17,2.26
19/01/16,116160179129,4.33,1.4,8.4,1.43,2.03
07/01/16,106.63.230.133,7.01,2.59,9.66,0.65,1.8
13/05/21,174215138235,5.02,3.08,4.11,1.84,0.87
15/01/17,194.74.248.25,7.39,2.93,8.28,3.34,2.48
02/08/17,66237231248,4.3,22.11,6.98,0.07,1.81
15/01/18,37.237.72.116,8.17,1.94,9.83,21.6,1.24
11/01/17,25114145238,6.03,2.06,7.48,2.36,1.7
28/02/17,140.37.183.152,4.79,1.86,10.73,3.11,1.96
09/03/17,75.197.37.154,7.85,2.11,6.49,1.59,2.16
11/04/16,214174244202,2.26,1.66,7.8,0.04,1.24
08/06/21,116.68.186.108,5.6,2,10.21,2.3,1.53
29/04/18,24.113.98.31,2.86,1.84,12.24,3.61,1.66
20/02/16,177.29.130.10,7.03,0.94,16.6,1.54,2.23
24/08/21,213.30.105.243,6.11,1.66,8.87,3.63,
12/09/17,97.28.203.166,2.56,1.85,5.75,1.93,2.28
22/01/20,163.197.8.36,3.95,2.16,8.55,2.82,1.89
20/03/19,5.196.89.103,2.25,2.01,7.65,1.27,2.12
09/04/16,245.194.63.105,4.08,2.11,8.52,3.75,1.72
21/06/16,78.34.118.136,4.14,2.13,12.46,3.89,2.01
20/10/21,185.135.19.145,3.49,2.23,8.06,1.99,2.11
23/04/21,50102249119,7.01,1.43,12.59,3.78,2.34
09/10/20,109.54.199.10,6.51,1.71,10.32,1.31,2.4
05/09/21,68.60.46.189,9.55,2.26,10.04,1.4,1.29
05/02/18,50.14.70.156,2.29,1.88,8.43,1.13,1.98
17/10/17,185.198.221.77,4.19,2.14,7.2,2.19,0.44
08/06/17,133.26.86.84,5.96,2.43,7.2,5.04,1.35
20/10/18,181.87.43.182,2.86,1.87,10.6,2.48,2
06/02/21,93.202.197.19,8.77,2.76,7.33,2.54,1.78
10/06/20,45.237.177.31,6.06,2.78,7.72,3.92,2.06
26/02/19,231.169.218.60,4.91,2.11,9.87,2.99,1.7
15/11/16,7.162.55.239,6.54,1.31,12.34,2.48,2.09
15/07/17,160.37.44.31,6.52,1.87,6.99,0.59,2.17
22/05/16,11.53.61.149,5.56,1.65,6.75,1.74,2.3
19/06/20,62.8.33.215,7.75,2.05,10.18,2.68,1.74
24/11/17,57.211.70.217,5.37,2.52,6.12,3.52,2.37
30/05/19,63.169.96.134,3.98,1.74,10.93,1.87,2.28
26/02/21,247.66.182.83,5.27,1.65,7.16,2.68,1.9
11/06/17,54.242.35.235,4.72,1.7,8.51,2.78,2.84
26/08/18,127.117.8.64,2.49,2.01,7.21,2.67,1.86
20/06/16,119.10.173.201,15.52,1.77,3.13,2.6,1.71
19/06/19,103150215227,21.76,1.74,7.91,2.04,1.66
07/05/16,86.132.28.8,7.55,1.52,10.64,2.79,
06/10/21,45138201249,14.91,3.54,11.66,2.26,0.56
16/02/17,161.64.16.133,18.31,3.81,9.78,8.65,1.79
25/01/20,195.223.145.55,15.59,4.68,11.61,5.84,2.88
26/10/20,241.63.252.135,10.9,4.04,8.55,4.18,3.04
16/08/16,27.199.115.74,13.12,4.14,7.26,12.75,2.17
20/11/17,24105101233,19.31,5.22,10.16,13.44,1.67
12/07/20,203128122146,16.83,3.76,11.28,12.75,2.23
22/01/17,241.241.244.67,13.68,4.17,7.24,10.11,1.59
21/02/18,16.114.36.207,23.78,4.62,9.94,13.85,2.76
08/05/17,130.16.14.75,13.8,5.05,9.69,7.55,1.64
07/03/16,99140239193,16.84,4.64,9.54,8.7,0.6
26/02/20,149.36.112.141,16.73,5.05,9.56,9.54,2.39
30/05/18,226.155.112.72,10.91,6.55,5.8,7.24,2.05
01/07/17,28.103.137.74,11.34,3.42,8.07,9.18,2.77
21/07/19,246220123224,9.42,5.71,7.41,8.58,2.27
03/03/18,98.157.61.79,10.99,3.71,11.02,9.01,2.57
25/11/19,65.89.146.94,12.66,3.86,2.84,6.94,2.01
13/07/17,138.5.21.242,19.31,4.58,9.61,8.88,1.68
02/06/17,171.175.172.99,17.78,6.71,9.85,9.53,2.64
03/10/21,170105204214,15.44,5.33,7.22,8.71,2.32
07/07/21,206251122148,19.04,4.06,9.34,0.41,2.14
10/09/20,20.180.22.111,22.69,6.04,11.72,10.96,2.42
04/09/18,10.19.72.136,13.76,6.56,10.32,14.93,1.39
02/06/19,175.89.21.116,14.61,5.04,6.7,12.12,1.39
27/09/17,197.82.195.242,14.01,4.14,11.22,0.7,0.78
13/03/20,238.71.179.138,14.1,6.43,9.74,19.71,2.24
03/08/17,0.7.184.31,10.63,4.97,11.81,23.68,2.52
28/06/21,94.251.38.179,11.59,6.92,9.96,5.8,1.51
12/04/19,95137192234,12.03,4.67,9.35,7.18,2.1
11/06/18,55228224246,19.54,4.63,9.26,6.03,1.12
12/07/18,103.74.19.37,14.67,4.33,8.37,5.78,1.76
17/11/16,128.150.94.76,10.59,4.69,6.44,7.39,1.84
19/01/19,232.73.187.134,8.59,7.45,6.94,21.44,
01/08/20,255.168.205.49,17.59,7.3,7.94,2.28,
27/10/20,29.77.217.238,13.49,9.16,6.64,2.25,
04/09/18,32172101146,18.3,4.3,10.11,9.52,2.58
15/09/16,170.29.225.41,13.42,6.29,8.31,6.05,2.29
15/09/19,43.184.86.240,12.88,5.9,9.8,5.36,1.51
03/06/19,192.35.191.112,5.17,5.59,10.17,10.4,1.33
26/07/16,73.237.0.37,18.88,4.82,4.5,11.47,1.38
14/08/16,180.175.120.35,19.01,4.53,10.55,8.36,1.67
13/09/17,95.129.6.76,10.54,3.68,10.18,8.84,1.64
23/11/20,180.99.157.216,12.27,6.17,7.98,8.06,1.77
19/08/18,119.170.92.62,3.2,3.75,8.26,10.76,1.65
12/12/18,121.82.149.142,15.16,3.77,8.69,8.58,1.87
13/08/21,23.169.179.79,14.39,7.5,8.14,7.77,1.96
22/11/20,102.85.58.249,15.83,2.77,1.75,12.05,1.2
12/12/17,96.30.252.254,15.2,3.91,2.89,10.62,0.72
22/11/18,253.125.136.65,11.27,4.83,2.64,5.72,1.33
29/03/21,162.53.76.193,11.74,5.29,2.49,12.41,2.36
26/05/16,230.197.93.27,13.66,4.61,2.06,8.05,2.28
02/05/18,163.206.38.91,20.22,4.17,2.36,7.78,2.17
26/09/16,85.80.126.241,8.09,5.5,0.93,7.46,2.74
11/03/20,83.173.89.93,19.57,7.23,2.28,12.46,1.73
04/09/17,221.182.166.32,7.04,10.65,2.64,1.94,
14/09/18,97.201.39.178,17.31,3.89,1.28,8.48,1.88
11/04/17,233.21.1.132,16.98,6.23,3.05,10.95,2.06
22/01/19,85113141169,11.21,6.39,1.67,11.04,1.57
20/01/18,105214143221,10.05,4.39,1.97,11.61,2.06
22/06/19,26118237255,9.16,6.09,2.74,9.18,2.09
26/01/16,179.149.149.75,18.56,5.68,3.18,8.95,2.42
28/06/18,59.16.235.89,9.05,3.41,2.15,8.48,1.4
19/05/19,106.34.26.13,23.37,4.55,1.76,5.7,1.97
25/06/17,56.138.44.53,19.31,5.75,1.73,1.85,1.44
10/01/19,46.241.82.43,8.68,5.26,1.96,11.75,2.14
28/12/19,12.118.159.3,18.56,4.67,3.15,10.03,2.02
27/07/17,173.169.113.1,18.21,5.9,1.75,11.54,1.96
17/08/17,220.2.109.143,9.38,3.28,1.79,8.03,2.71
06/04/19,190.67.121.246,19.34,4.18,1.97,7.66,1.55
19/05/19,6247198240,9.05,6,2,9.36,1.93
05/05/21,160.191.211.32,13.82,7.76,1.88,11.83,1.64
19/03/19,169.35.16.75,19.08,4.62,1.87,7.71,2.85
08/02/20,4.9.124.157,19.02,5.88,1.22,11.81,3.18
31/12/20,186.65.71.140,15.59,6.63,2.47,9.25,2.29
20/08/16,86.203.27.195,18.17,4.75,2.52,12.93,0.83
06/06/16,56.117.190.45,16.46,4.56,1.6,10.52,1.59
06/02/16,126.47.30.68,12.35,5.92,2.19,7.29,2.53
20/09/21,65179130198,7.74,4.63,1.69,12.74,1.47
16/08/20,93125159136,13.34,5.85,21.45,8.76,1.37
14/07/21,99.108.97.84,20.07,4.19,2.26,8.98,1.83
27/02/18,177.220.28.11,15.39,7.07,2.07,7.15,2.4
12/05/18,91.4.102.237,13.23,5.61,2.24,11.37,1.88
02/02/21,103.219.40.121,16.5,6.53,,10.94,2.11
22/08/16,145.86.245.115,12.99,3.73,,4.85,2.6
09/10/18,119.50.147.28,6.75,,2.85,10.2,
15/06/19,176.93.63.140,17.36,4.85,2.92,9.48,2.06
10/04/17,104.1.32.43,18.07,5.34,1.62,6.9,1.71
04/01/19,224.227.60.216,9.31,5.85,2.43,11.59,2.74
06/08/19,77.179.157.36,9.43,5.36,1.01,,1.68
29/09/18,171.67.3.22,9.25,7.73,1.33,7.94,2.59
28/10/19,152.19.7.11,7.27,4.81,1.27,3.32,2.9
08/10/19,117171188128,8.47,5.76,1.48,7.72,1.46
19/03/17,181.92.176.158,10.57,5.62,1.7,9.68,2.31
10/09/16,251.140.150.8,14.68,3.98,2.44,2.39,
23/03/16,16117113163,16,5.77,3.47,5.34,1.62
03/10/17,1178205224,13.09,4.75,1.76,6.42,1.46
30/06/19,234.151.194.19,12.65,5.71,2.19,6.4,1.96
24/04/16,90193235156,15.35,3.68,1.54,10.22,3.44
17/02/18,220.157.217.4,11.71,5.59,2.34,9.51,2.2
22/11/17,8.204.25.231,13.56,3.37,1.63,7.45,2.83
12/07/19,86184187255,7.13,5.6,2.5,9.37,1.16
23/12/20,70.225.8.240,18.51,3.53,1.14,12.16,2.03
20/02/17,9212107184,15.19,4.43,2.16,7.7,1.59
02/05/17,160.0.2.5,15.25,4.71,2.34,10.99,1.4
03/12/17,128144229187,20.26,5.92,1.42,7.96,2.38
18/01/16,212.165.0.150,21.18,5.42,1.73,7.7,1.7
18/02/20,251.22.123.106,20.54,6.05,2.04,1.86,
03/08/18,216.169.61.152,15.5,6.49,2.17,6.51,1.74
17/09/17,127.47.217.136,15.04,4.61,2.27,8.01,2.65
28/08/20,64.72.128.166,9.74,4.61,1.83,5.32,1.51
26/04/18,69.174.72.67,15.26,5.18,1.65,5.65,2.36
23/01/20,104.129.93.131,7.9,4.39,1.75,8.86,2.56
12/02/19,7.27.7.27,21.45,3.01,22.96,12.33,1.65
18/09/20,246.6.151.189,9.04,5.71,1.53,8.46,2.57
04/02/21,187167104119,12.93,3.65,2.01,7.83,2
29/08/18,16.251.193.93,15.35,3.43,1.57,10.46,1.45
20/08/18,94.135.213.80,14.29,4.21,2.5,7.13,1.37
11/03/16,236.152.71.77,14.42,2.66,2.06,10.14,2.34
07/04/19,54.176.92.231,20.14,3.65,,2.34,
07/09/18,22.182.5.37,20.11,5.6,21.67,8.24,2.47
29/10/21,103.130.63.101,20.36,3.74,2.12,7.35,1.64
12/11/18,114.50.35.156,24.46,6.13,1.98,10.76,1.73
04/08/18,73.58.233.32,10.7,3.98,2.11,8.48,2.36
09/11/18,144.90.174.16,16.43,5.99,2.33,10.43,1.78
03/04/18,58199182208,13.18,5.84,2.33,4.95,2.24
03/02/18,98.179.55.33,15.14,4.28,2.87,2.09,
15/08/19,152.78.112.8,17.54,23.91,2.12,3.96,2.17
13/10/17,197.74.172.208,15.61,2.64,2,10.5,1.92
10/07/21,131122166124,14.81,7.64,1.72,9.95,1.75
20/10/16,56216253210,18.07,3.99,2.27,9.17,2.18
04/07/20,139116170189,13.46,5.33,1.82,11.66,2.26
13/08/19,9144149126,18.5,6.21,1.99,10.91,1.22
05/02/17,98.106.243.9,8.93,5.11,2.36,5.24,3.01
07/05/16,189144155226,13.35,4.33,1.44,17.88,
10/03/19,163.80.96.246,10.83,5.53,1.39,4.85,1.46
30/01/19,91.71.17.51,17.78,4.4,1.87,7.11,1.24
19/08/19,230177131193,17.53,5.15,2.04,7.86,1.77
02/06/19,95.81.8.151,10.37,6.07,1.66,8.45,1.96
26/05/19,93145163182,17.02,4.64,2.59,6.5,1.64
07/07/21,232.86.172.222,10.67,5.25,2.64,6.2,1.92
11/03/19,212.233.17.197,19.27,6.11,2.27,7.79,2.71
11/01/17,107242164104,10.85,5.01,1.79,9.25,2.08
19/03/19,231.17.163.2,11.77,4.51,2.53,3.87,1.7
29/10/21,29.169.16.48,17.93,5.23,2.73,6.87,2.02
24/01/18,145.52.253.11,24.12,5.6,1.43,8.2,2.52
08/03/18,187.7.76.206,27.11,5.4,2.61,1.52,
07/09/16,47.21.6.166,15.66,5.46,2.41,6.09,1.48
14/01/17,150.78.226.217,17.76,5.29,1.7,5.95,2.41
20/12/21,100.135.76.70,12.49,3.88,1.56,10.95,1.84
04/10/19,84.237.93.6,18.14,6.41,1.33,8.02,1.69
15/02/21,98.251.233.55,14.87,3.1,1.52,8.37,1.24
28/02/16,186159195219,15.88,5.71,1.57,7.64,1.5
11/04/18,78.61.201.239,6.43,5.74,2.04,11.92,2.08
29/05/18,44217201224,15.48,4.06,2.06,7.01,1.83
03/11/17,92.168.58.232,11.72,4.14,2.11,6.91,1.92
23/11/17,50.27.8.170,20.87,4.19,1.97,,
18/09/16,179.76.227.175,17.65,4.02,1.69,12.94,2.65
10/06/21,249219234210,12.19,5.52,1.9,11.4,2.01
11/11/17,20147225231,13.4,3.56,1.46,6.98,2.07
09/08/19,52.11.34.233,17.05,4.18,2.39,7.55,1.68
09/08/19,108.97.241.54,15.86,4.17,1.33,13.01,1.94
17/02/21,195.121.74.220,11.31,4.8,1.8,7.2,2.23
25/06/20,153.47.48.144,11.03,,3.4,8.17,1.86
22/07/16,78.66.1.241,18.58,5.3,1.28,9.63,1.89
09/02/16,85.221.128.9,19.04,5.5,1.72,8.57,2
03/10/21,215.83.29.16,15.61,4.54,2.63,7.69,2.74
23/04/21,244.23.23.42,9.11,2.53,1.37,12.49,0.79
17/10/19,125105174190,14.02,2.82,2.23,13.42,1.69
30/10/17,187.100.243.43,14.48,5.05,1.87,10.96,2.82
13/04/18,168240116146,6.43,8.38,2.22,2.66,
25/07/20,162.70.166.73,9.48,2.5,2.28,8.32,1.92
03/07/16,99.46.223.198,14.03,5.04,2.22,9.14,1.84
29/10/17,8.89.181.10,9.87,4.48,2.57,6.61,1.79
23/06/17,1174144236,11.47,5.08,2.01,8.57,1.76
13/07/19,60181176163,10.73,6.2,1.79,5.8,2.44
31/05/17,59.201.103.92,13.47,6.34,0.98,4.16,2.81
27/03/20,56.58.218.191,14.41,5.22,2.86,6.89,1.94
13/04/19,20.179.17.72,12.39,5.53,1.47,7.43,1.79
07/05/20,209.187.15.140,7.03,3.59,2.48,12.06,2.47
19/11/21,15.128.233.90,8.54,5.26,2.14,10.93,2.05
13/12/21,3.81.95.81,16.47,5.17,2.68,8.89,1.87
04/07/19,250130229224,13.44,6.36,2.26,1.57,
26/04/19,230.123.52.28,11.53,6.41,1.73,4.27,2.24
05/11/19,18.141.171.62,13.14,4.38,1.83,9.26,1.79
02/08/17,12.135.240.33,12.44,6.4,1.9,4.36,1.5
22/07/17,44.40.186.149,12.41,2.87,1.39,8.56,2.42
10/08/19,69.5.125.163,18.1,6.43,1.36,7.01,2.49
02/08/17,35.127.116.40,14.14,5.12,0.79,6.6,1.35
11/01/20,23.7.132.80,17.91,7.49,2.23,2.29,
03/04/20,116.19.11.5,12.79,4.18,1.57,10.16,1.69
06/06/17,241106139237,16.42,6.64,1.86,13,2.31
05/05/18,7250205136,10.12,5.07,0.93,8.38,2.8
23/03/19,140.16.198.108,16.57,3.69,1.95,14.58,1.81
03/10/20,90.123.18.40,7.37,4.29,0.59,7.5,2.39
26/03/20,130.88.204.20,14.86,5.81,1.68,9.12,2.02
03/11/17,95.148.46.217,12.45,4.89,2.11,4.81,1.64
21/12/21,114.14.228.216,20.61,3.98,2.57,8.78,1.61
13/09/20,105.24.151.31,11.61,4.26,3.29,7.05,1.86
08/09/21,192120185154,16.15,3.69,2.04,10.38,1.3
18/02/21,163230132145,18.53,4.51,2.4,10.06,2.04
18/03/19,40.219.71.10,14.15,5.22,2.81,8.66,2.23
12/02/17,199.230.25.225,16.63,6.58,2.37,1.74,8.02
17/01/17,197.66.243.181,16.44,4.3,1.2,5.83,3.03
20/09/19,208.57.172.95,19.84,4.49,2.54,8.11,5.59
17/05/16,149.57.34.132,14.36,6.69,2.28,6.92,0.89
20/10/21,121.90.207.16,16.65,5.98,1.91,8.71,11.76
28/08/18,60.197.18.203,13.05,5.78,2.44,6.48,4.69
07/04/17,198.106.38.187,14.77,4.58,1.71,8.11,2.14
28/08/21,7.255.193.48,17.76,5.29,1.26,4.8,2.21
09/08/20,48.248.101.98,20.07,2.5,0.98,9.01,1.87
31/01/17,155.137.32.247,12.19,3.93,1.76,9.31,5.89
13/02/17,250.178.52.183,21.35,7.25,2.12,1.82,11.62
20/12/20,233.185.118.36,15.51,4.56,1.83,4.67,5.25
06/09/18,43.113.212.77,16.32,5.44,2.04,2.05,1.89
15/02/19,167124232137,9.41,4.87,2.43,6.82,6.61
15/07/19,164.51.112.207,16.78,3.58,1.94,8.98,0.86
21/03/16,155240250128,7.54,6.14,2.05,8.93,5.93
31/10/20,190.213.39.70,13.59,4.99,1.46,8.8,5.68
30/10/21,87190240218,9.74,6.63,2.23,1.21,4.33
22/01/18,158.48.41.233,9.67,5.21,1.27,8.39,5.35
17/09/19,23.47.185.244,19.25,6.31,1.64,4.29,
02/02/16,168214220224,18.45,5.63,1.68,14.92,3.95
22/05/18,96208135116,10.09,5.67,2.95,12.07,6.57
03/06/16,64.152.109.89,10.02,3.63,1.47,6.56,17.14
01/11/20,106216134208,13.95,3.32,2.25,7.13,18.03
05/03/17,159122124227,13.06,5.57,2.1,,5.83
01/06/20,149.66.252.43,13.96,,2.21,6.75,0.28
20/07/19,116.134.157.79,10.68,3.71,2.14,13.47,6.5
28/10/21,184.187.18.80,19.41,4.9,1.93,13.3,4.49
22/09/19,180.43.159.42,19.63,4.95,2.5,9.14,6.19
04/11/17,193.58.128.19,12.5,5.23,1.95,7.23,6.04
22/02/21,252.254.8.251,17.57,4.58,1.31,7.36,9.6
09/01/21,6.91.210.151,11.66,5.35,2.17,11.41,5.08
22/12/17,1.178.5.82,9.83,3.99,2.35,8.07,10.45
24/05/19,54.27.192.130,15.2,3.26,1.97,7.01,9.27
23/11/21,16.45.60.119,13.67,3.82,2.91,13.27,7.07
19/11/21,102131151228,12.7,4.95,2.38,8.14,4.79
24/06/18,65134215228,15.23,5.61,2.27,4.41,4.83
20/01/19,206.53.172.82,14.31,4.18,1.59,6.67,8.21
01/06/18,59.122.29.141,11.79,5.33,3.01,11.21,5.97
31/03/18,225141248229,18.02,5.67,1.89,7.47,
19/07/16,220.117.205.65,8.54,6.65,2.09,9.38,7.15
01/04/20,97109189165,22.17,6.37,2.09,13.47,5.7
13/04/20,101.80.218.113,23.38,6.3,2.75,6.95,7.71
04/01/21,9.207.215.0,10,4.19,2.5,9.71,2.4
31/01/17,210196195202,10.44,4.62,1.88,4.9,5.52
29/10/17,173.157.61.206,10.81,4.51,1.07,9.63,3.59
20/06/17,161154228185,18.81,2.66,2.68,4.8,6.89
03/11/16,26180249167,14.52,4.57,2.22,6.87,9.34
03/03/17,177.111.2.179,26.74,4.36,2.01,8.04,4.83
12/11/21,205214187255,21.43,4.42,1.94,10.07,4.35
25/07/16,136120213171,15.13,3.45,2.37,3.4,9.62
07/02/20,96.145.128.35,8.16,4.03,1.68,8.83,3.59
09/09/21,201.121.56.254,15.96,3.89,2.61,14.28,6.53
29/03/21,121.218.71.52,8.01,4.75,2.14,4.94,
03/06/16,238119110221,9.91,3.89,0.99,7.41,7.28
31/10/20,247.213.60.73,11.8,5.23,1.78,7.97,7.28
21/05/20,201113100126,4.85,4.51,1.66,7.82,1.59
13/04/20,115.85.26.222,19.06,4.17,2.21,4.07,7.58
14/10/18,64.36.203.100,15.01,3.5,2.5,2.36,5.33
07/09/17,225.215.25.151,16.27,5.17,1.77,8.04,4.65
07/09/19,174.168.106.49,10.49,4.56,2.4,8.46,8.86
25/03/21,189.161.120.83,15.37,4.44,2.7,6.46,9.7
18/11/19,156114122169,7.62,5.16,2.15,9.79,9.36
05/05/16,197.117.54.24,14.38,4.36,1.81,5.45,11.8
19/06/17,111.183.213.84,14.09,4.19,2.01,11.72,1.02
08/12/20,91.180.41.246,16.72,5.16,2.33,11.52,
05/08/17,251.49.245.187,6.89,4.04,2.35,9.5,6.18
18/07/17,91.41.132.237,13.34,5.03,1.83,5.58,4.81
20/12/16,100.54.167.156,13.25,5.14,2.48,7.16,9.69
16/01/16,77.89.203.115,10.49,5.06,1.2,8.36,7.04
28/04/19,255.253.134.61,13.37,5.42,2.31,8.4,8.04
02/09/19,160142205179,11.72,4.83,1.86,,9.23
23/06/16,152.141.5.68,21.05,5.08,2.28,6.46,3.88
21/02/17,167.93.216.26,20.42,4.72,1.44,7.02,9.71
02/10/19,153.26.210.133,17.21,4.98,2.76,6.72,7.23
08/12/17,166.0.31.132,18.25,4.56,1.87,7.54,7.24
02/11/16,69.191.59.187,6.53,4.16,2.1,11.35,2.86
17/02/19,233.136.50.28,11.45,5.63,2.46,4.28,10.69
05/05/17,20.120.145.88,11.34,6.06,0.9,10.47,12.6
04/03/17,74251251124,5.67,5.81,1.96,5,4.88
03/04/18,22.59.177.242,15.38,,2.54,10.81,1.66
27/04/17,159.77.246.166,9.01,4.07,1.43,6.83,13.49
17/10/18,111.78.25.23,16.19,5.15,2.13,5.37,5.39
19/07/19,30.155.96.62,9.77,16.58,1.74,5.66,
27/01/17,161194153180,15.98,3.91,1.61,9.96,9.94
26/06/17,12.95.145.62,7.52,5.12,2.5,10.96,4.13
08/07/17,2.45.114.67,14.34,5.11,1.79,7.14,3.43
15/06/16,128.37.23.213,19.06,4.29,2.39,11.02,6.36
23/10/19,166.9.119.62,15.75,5.34,1.28,11.72,4.32
08/08/18,38.4.145.196,14.42,3.05,2.26,9.46,5.98
01/05/17,74.56.38.225,15.86,3.45,1.95,6.72,5.7
17/08/21,160.128.64.107,18.47,6.53,1.68,11.12,4.3
27/05/18,136.113.55.137,17.98,4.77,2.43,6.38,15.99
30/07/16,210.209.65.11,14.03,5.19,2.42,11.02,7.55
19/06/21,97.39.134.110,15.34,5.46,1.03,2.26,8.15
13/04/20,100.139.42.81,7.6,3.85,2.23,3.33,11.83
22/09/16,72.239.87.2,12.33,4.95,0.79,5.22,14.31
08/05/20,148.44.153.44,12.71,13.49,1.96,3.89,
20/08/18,169.122.139.65,10.02,5.11,1.47,4.84,6.56
02/07/16,19215245222,10.71,4.94,1.73,12.81,7.57
22/11/16,170.132.78.200,11.28,4.11,1.07,9.34,6.23
01/07/16,252.128.181.61,10.58,4.43,1.11,6.55,5.3
06/10/20,228.105.231.7,7.87,3.42,2,7.86,19.23
16/12/16,219.146.221.74,19.18,4.1,2.29,6.15,5.85
23/08/16,46.154.24.126,12.02,5.02,2.6,10.68,10.66
01/12/17,184.254.245.99,10.93,5.3,2.33,3.97,5.37
07/12/18,128242143187,9.25,5.48,2.84,5.92,11.82
05/12/19,217193209161,13.12,4.77,2.28,7.89,6.01
06/05/19,226.116.179.97,20.14,4.73,2.73,7.05,4.18
11/11/16,98.53.39.59,17.49,3.65,2.07,7.71,3.41
11/01/20,255.216.183.61,12.29,6.14,2.01,11.33,6.36
16/05/17,251.89.216.27,11.04,2.85,2.77,9,3.92
30/08/21,175.61.230.146,18,6.55,1.44,7.3,6.37
02/03/17,199.82.74.104,13.82,5.4,2.06,2.99,0.06
03/06/21,109.2.132.120,12.18,4.98,1.94,4.22,1.08
03/02/16,196.7.118.4,13.62,16.53,1.61,11.01,4.9
25/05/21,20.16.169.250,17.73,5.12,1.83,7.59,6.01
18/06/17,48.36.114.91,12.45,3.66,1.95,2.86,
04/08/17,30.115.17.190,14.75,6.03,1.48,8.82,9.44
25/07/18,184238123198,20.63,5.6,2.29,7.41,8.51
24/12/16,139.204.28.196,15.77,4.98,1.65,8.6,7.3
29/11/16,47.124.218.11,15.78,4.88,2.49,8.22,0.43
09/08/18,81.16.140.14,13.81,3.99,2.55,2.8,4.68
20/03/19,140.63.29.64,15.46,5.93,2.31,5.41,8
13/10/21,128.68.96.108,13.69,5.5,2.14,9.22,3.15
21/11/17,36.188.14.48,17.4,3.62,1.91,10.59,8.74
15/12/20,172.56.221.228,11.44,4.03,2.16,10.4,9.95
21/03/21,244.3.250.110,13.86,4.48,2.1,9.62,6.4
09/12/18,209178173203,16.75,3.72,1.85,11.02,5.97
05/06/19,224162232169,12.35,3.34,2.63,7.72,5.21
29/10/20,246.83.19.54,15.67,5.3,2.13,6.26,6.24
01/06/18,0.98.11.103,8.65,6.18,2.58,12.36,4.47
25/05/18,12137155143,10.73,4.84,2.27,8.55,3.64
10/08/17,155.25.122.72,14,2.72,2.64,8.78,1.51
15/06/16,196160194116,16.8,4.22,1.63,9.13,10.07
20/04/20,85.0.60.13,22.63,5.3,3.23,8.33,10.85
09/07/17,34.185.76.85,11.22,5.75,2.03,7.87,9.36
25/11/17,69.106.93.194,11.03,4.67,1.91,9.32,6.34
13/10/17,122193121231,15.6,5.89,2.36,8.17,3.89
21/12/21,102.13.133.155,11.47,4.14,1.97,5.66,4.01
20/03/16,72.196.5.124,8.41,4.9,1.64,8.43,10.26
15/05/19,216169225216,6.63,6.94,1.95,5.7,
30/11/21,167.172.108.59,13.11,4.38,1.45,7.66,1.43
08/02/17,31.97.86.228,18.77,4.82,1.49,10.08,5.61
08/10/20,72.236.19.184,13.12,5.96,2.78,7.59,4.12
20/08/17,30249121247,18.57,4.25,2.02,4.11,4.66
13/08/16,176149146223,11.9,4.9,2.38,9.24,4.06
09/05/16,143.102.125.80,7.96,2.65,1.44,5.76,3.95
21/01/18,35.121.147.88,18.08,6.67,1.92,6.35,5.74
10/03/16,243.5.127.140,11.06,6.44,2.55,11.82,7.8
19/07/20,235.96.208.77,17.14,6.01,2.46,6.93,4.28
23/08/17,17.159.211.20,11.21,4.34,2.25,19.68,14.2
24/07/19,81.218.31.239,13.64,6.25,1.82,11.22,5.9
18/04/19,8.50.18.103,19.07,5.38,2.04,3.94,6.15
20/02/21,189.4.201.199,15.84,5.77,1.94,5.18,
08/04/16,228.60.248.70,10.71,6.5,2.75,1.13,3.14
10/07/18,34.196.199.71,13.64,5.79,2.17,10.93,3.41
24/09/21,19.180.196.51,10.23,4.79,1.41,7.53,10.26
31/10/20,70250122241,14.6,4.85,2.49,7.56,9.9
10/12/17,253.235.108.20,8.29,6.19,1.04,7.18,13.29
29/08/17,113.24.172.13,20.95,6.54,2.26,5.47,3.63
08/07/16,216.156.163.77,13.14,5.16,2.07,5.33,3.98
08/01/18,122139107166,14.03,4.26,2.65,8.31,4
18/11/21,50.192.62.57,10.32,5.33,1.15,12.06,3.58
12/06/20,162.163.2.213,25.18,4.85,1.37,7.69,4.92
12/07/16,32.241.150.27,21,5.22,3.04,5.87,0.12
28/03/21,83.66.181.89,8.14,4.53,,11.34,6.05
17/11/17,147.17.155.142,16.84,5.41,1.97,11.08,
02/02/20,206.188.91.239,14.3,5.13,2.79,8.23,5.38
20/11/16,38209172228,12.14,4.03,1.76,8.1,10.6
17/01/16,6.148.1.111,21.1,6.54,2.34,7.59,6.69
24/03/21,10.68.132.211,13.94,5.56,1.61,9.09,9.27
20/09/20,28.237.26.20,23.23,4.67,2.33,8.66,7.93
24/05/19,105145149197,16.98,4.21,2.78,6.21,6.5
09/06/21,79.37.70.142,22.35,5.21,2.28,7.75,3.25
11/02/20,116.15.66.25,8.87,3.78,1.83,8.55,6.21
16/09/20,169.218.2.29,8.15,4.53,2.55,6.71,10.75
15/09/21,101.169.169.93,21.94,4.91,2.18,10.63,8.18
02/04/19,175.93.193.117,22.33,4.26,2.06,4.42,6.65
10/12/17,71.127.142.65,17.74,5.66,1.91,3.42,9.94
05/10/16,134.54.60.77,24.72,3.98,1.48,6.57,4.77
20/03/16,211.39.146.190,13.48,3.84,3.36,4.49,6.55
09/02/16,242.169.31.197,13.48,4.3,2.6,4.19,5.49
30/04/21,48162140203,12.86,6.86,2.21,10.27,8.81
03/09/17,1240115110,9.83,5.67,2.55,,3.59
20/09/20,242.72.24.94,20.01,6.2,1.87,7.34,2.58
29/05/17,135121194247,10.69,6.08,0.83,7.86,0.06
14/03/18,3.211.106.80,11.82,5.66,2.58,4.03,8.79
16/06/16,26149189131,14.99,5.04,,4.89,6.79
15/08/18,163122150155,12.11,4.06,,13.31,4.33
25/03/21,238.162.197.45,19.41,5.55,2.34,12.03,6.08
22/08/16,174.144.247.98,11.09,6.54,2.2,10.3,2.16
02/05/20,116.47.206.0,15.38,6.61,2.22,7.27,3.86
27/09/20,202.144.60.148,14.67,5.96,1.62,4.53,5.66
02/04/16,204143227253,17.74,4.72,2.21,6.12,1.61
11/11/18,157.12.14.202,11.98,5.87,2.21,8.84,0.49
08/04/18,136234142202,17.47,4.48,22.81,6.64,1.04
21/12/17,138.33.60.25,19.91,6.24,2.07,2.36,8.24
21/07/19,214.242.23.78,15.02,5.84,1.94,3.68,3.84
21/10/16,90155141172,10.07,4.48,1.62,9.1,7.79
01/04/17,54.231.228.3,18.28,4.02,1.68,5.45,
16/11/19,48.135.17.179,10.05,4.5,2.18,8.05,4.55
07/12/19,174190191141,14.66,3.64,1.68,4.46,7.39
22/09/20,22135165209,15.76,3.89,2,3.39,7.96
31/07/16,27.98.141.69,15.19,2.77,1.35,5.2,6.32
08/12/21,182.16.127.245,9.07,4.93,2.11,7.38,3
09/03/18,195.25.175.130,19.7,6.75,2.26,8.73,11.11
15/06/19,124.6.229.195,13.46,6.22,2.6,9.6,1.44
22/01/16,146.7.195.212,11.34,2.94,2.84,10.42,5.81
22/11/17,129.113.101.92,8.63,4.28,1.7,6.94,5.54
31/10/20,28.137.26.219,13.04,3.96,1.64,8.49,17.27
11/05/17,208.54.67.183,15.44,4.96,1.3,8.03,2.35
06/09/17,71132128119,9.1,5.89,2.09,8.22,8.96
31/08/19,224.138.92.170,16.45,5.29,2.21,11.05,2.9
14/05/21,106.129.46.93,17.17,7.65,1.78,6.23,
09/10/17,100197134229,10.76,6.72,2.62,3.84,7.7
30/08/17,46233171236,14.98,6.88,1.21,6.67,11.11
14/11/18,180.74.9.233,17.7,5.17,1.64,6.89,7.07
09/03/18,145.64.203.235,15.03,,1.93,8.65,8.5
10/09/21,201214210183,10.39,6.35,1.75,5.16,11.99
05/11/16,221.20.162.117,14.69,4.38,2.92,9.55,12.47
14/06/19,208.50.181.248,12.22,2.27,1.64,1.72,5.19
04/07/18,215.135.86.200,17.82,5.87,1.54,8.98,
04/08/18,142.107.62.84,16.31,3.43,2.42,9.84,4.7
03/05/17,157.42.19.129,19.28,3.73,1.62,6.83,8.35
22/09/18,62.166.17.93,15.43,5.75,2.22,3.66,3.78
05/11/17,97.249.111.36,25.13,3.52,1.89,4.76,6.35
05/10/18,143.83.74.144,13.85,6.2,1.97,10.5,8.85
03/06/21,18240243228,17.19,6.06,0.45,13.2,4.01
23/06/16,220.83.170.239,16.82,5.38,1.57,8.22,6.71
20/04/20,181.54.163.46,13.04,6.52,1.85,11.48,9.02
12/08/20,159.251.102.88,16.12,5.17,2.51,11.48,10.09
15/07/18,31.184.91.113,13.42,4.93,2.1,11.92,9.61
21/05/20,139.117.97.67,13.61,4.11,2.33,12.4,10.38
15/08/17,32.98.1.148,9.29,4.89,1.39,10.58,4.69
04/09/16,73.192.4.148,10.12,5.19,1.79,11.23,8.83
14/06/20,171.84.150.236,19.33,6.15,1.63,8.62,7.95
04/06/19,41128212243,15.14,5.72,2.41,7.86,5.41
07/08/16,158.134.27.192,20.33,3.96,3.09,1.79,
23/11/20,107.255.67.14,8.58,4.76,2,9.24,9.23
22/08/16,117157207128,24.43,4.04,1.79,7.34,10.11
13/10/18,240.49.216.77,22.35,5.59,2.49,6.6,6.79
27/05/21,57.221.91.51,14.84,4.58,2.27,9.77,10.17
17/12/18,209.22.54.89,10.64,5.84,1.95,4.62,8.95
07/02/20,124215163207,15.09,6.19,1.82,11.34,9.48
20/05/21,164148234,9.62,4.53,2.59,6.64,6.95
10/02/20,80193194146,14.36,4.08,2.71,9.63,15.68
09/07/18,90.107.177.54,8.51,5.83,1.71,4.29,8.4
28/02/19,187108192118,12.14,5.77,1.85,11.67,10.96
02/04/21,85.157.162.29,7.19,3.69,1.4,1.02,14.01
10/11/20,221.9.14.200,12.44,5.51,2.18,8.86,13.31
09/11/16,70.127.45.191,12.95,2.09,2.75,,5.13
14/03/16,27.73.59.130,13.11,5.23,1.37,9.63,12.84
27/12/20,62159242109,18.52,4.79,1.47,4.91,5.15
27/03/19,225.248.12.22,17.05,4.37,2.45,8.21,
02/04/17,195138228106,9.28,4.91,2.05,6.91,8.19
15/12/17,22203237221,15.26,6.58,2.85,7.49,5.78
06/04/17,155156112253,10.83,4.21,0.91,10.93,8.24
05/03/16,68238194160,5.8,5.08,2.71,7.2,4.73
10/12/19,120.168.151.20,10.4,5.69,1.63,8.95,7.32
02/03/18,215.54.132.123,10.37,4.64,1.44,5.58,6.73
23/07/21,36143186221,10.36,5.36,2.22,10.54,5.89
20/12/19,135235150218,9.81,4.42,0.81,7.89,8.83
06/09/20,232196154134,14.69,37.06,2.39,7.04,4.46
31/07/18,164.255.63.248,11.43,8.21,1.81,3.23,
11/10/16,232255249155,15.57,5.34,1.77,7.5,10.99
19/02/20,170.129.233.66,15.85,5.56,1.91,12.89,7.71
25/11/20,198214228185,17.42,5.8,1.61,10.5,10.57
27/05/18,116.122.0.200,11.68,5.78,1.7,8.62,
03/10/16,128222142158,8.24,5.59,1.9,6.51,
13/01/21,167.74.69.7,12.24,5.61,1.59,15.08,5.65
30/07/20,66177234121,11.11,5.53,2.24,9.09,5.09
11/09/18,137.232.62.91,14.55,6.38,2.49,4.35,2.78
16/08/17,246.38.129.221,4.81,4.58,1.76,11.93,5.98
12/02/19,78.85.255.170,8.25,6.24,2.53,10.9,8.77
12/08/20,214.231.229.63,16.03,5.08,1.58,11.24,8.8
07/11/21,130.68.181.2,13.37,5.9,1.7,11.75,7.83
13/07/16,52.38.134.198,7.87,5.34,2.46,11.81,13.7
31/08/19,183.213.86.241,8.09,5.38,2.21,3.86,4.87
19/04/19,217.130.23.82,9.99,5.23,2.07,8.84,5.81
20/04/16,103.254.63.159,11.25,5.26,2.38,5.68,6.16
08/11/16,149223202231,13.96,4.72,1.18,3.21,9.34
11/01/16,97.128.50.108,17.46,5.44,2.21,7.73,11.82
20/11/20,242114181112,12.6,5.48,1.82,4.16,10.78
04/09/20,99.116.203.73,17.68,3.29,,4.84,7.58
23/05/18,154.208.137.91,14.43,4.2,2.29,12.03,7.89
06/05/21,176.49.73.71,7.71,4.34,2.69,8.25,8.52
28/01/21,34.156.42.84,12.14,4.4,2.33,8.14,8.84
14/10/21,74.187.242.57,12.41,4.76,1.23,9.42,5.25
29/03/20,204.134.13.60,17.67,6.36,1.82,7.71,10.52
04/10/18,76222231105,8.78,5.97,1.56,8.21,10.79
12/07/20,72188188240,4.77,0.84,2.05,11.05,8.95
18/07/21,34.242.169.38,5.68,3.04,1.17,5.85,9.48
04/12/17,178.38.11.62,7.46,1.39,2.18,9.64,6.95
05/12/20,218.140.195.87,2.38,2.01,1.43,12.38,15.68
02/04/20,93.205.225.51,5.68,1.95,1.76,10,8.4
07/02/19,43.55.114.100,4.62,2.05,2.53,5.55,10.96
25/01/20,147.210.83.222,6.21,1.98,1.58,8.84,14.01
03/07/17,117.69.141.168,4.69,2.41,1.7,9.35,8.83
09/03/18,29.229.177.12,6.5,1.62,1.98,14.53,4.46
